{"cameraMode":{"drawMode":2,"name":"Shaded Wireframe","section":"Shading Mode"},"sceneLighting":true,"audioPlay":false,"sceneViewState":{"showFog":true,"showMaterialUpdate":true,"showSkybox":true,"showFlares":true,"showImageEffects":true,"showParticleSystems":true},"in2DMode":false,"pivot":{"x":-10.711721420288086,"y":-5.909677982330322,"z":10.665877342224121},"rotation":{"x":-0.2764190137386322,"y":0.29083308577537539,"z":-0.08803216367959976,"w":-0.9118046164512634},"size":14.18892765045166,"orthographic":false}