{"cameraMode":{"drawMode":2,"name":"Shaded Wireframe","section":"Shading Mode"},"sceneLighting":false,"audioPlay":false,"sceneViewState":{"showFog":true,"showMaterialUpdate":true,"showSkybox":false,"showFlares":true,"showImageEffects":true,"showParticleSystems":true},"in2DMode":false,"pivot":{"x":6.098331928253174,"y":2.9261605739593508,"z":-8.11436653137207},"rotation":{"x":0.15490169823169709,"y":0.8450630307197571,"z":-0.3565995991230011,"w":0.3670884072780609},"size":2.9660251140594484,"orthographic":false}